Workbook

Sheet SR
B2: FLEXCUBE CORPORATE 11.3
B4: Specifications and Installation Document Managed Services
B6: SR | D6: 4-0002502510
B7: SR Descripción | D7: BFCL – Comportamiento de la glosa en transacciones de anulación (Chile)
B8: País | D8: Chile
B9: Persona de Contacto | D9: adarsh.kumar@oracle.com
B10: Fecha de entrega | D10: 46121
B12: All rights reserved. No part of this work may be reproduced, stored in a retrieval system, adopted or transmitted in any form or by any means, electronic, mechanical, photographic, graphic, optic recording or otherwise, translated in any language or computer language, without the prior written permission of Oracle Financial Services Software Limited. Due care has been taken to make this Specifications and Installation document as accurate as possible. However, Oracle Financial Services Software Limited makes no representation or warranties with respect to the contents hereof and shall not be responsible for any loss or damage caused to the user by the direct or indirect use of this Specifications and Installation document. Furthermore, Oracle Financial Services Software Limited reserves the right to alter, modify or otherwise change in any manner the content hereof, without obligation of Oracle Financial Services Software Limited to notify any person of such revision or changes. All company and product names are trademarks of the respective companies with which they are associated.
B13: COPYRIGHT © 2024 Oracle Financial Services Software Limited
B15: Document Control Versions
B16: Creado por | D16: Adarsh Kumar
B17: Revisado por | D17: Sharath Pattabiraman
B18: Ultima modificación | D18: =TODAY() -> 46121
B19: Versión | D19: V.1

Sheet 1_Detalles
C5: SR | D5: =SR!D6 -> 4-0002502510
C6: SR Descripción | D6: =SR!D7 -> BFCL – Comportamiento de la glosa en transacciones de anulación (Chile)
C7: País | D7: =SR!D8 -> Chile
C9: Descripción del Problema
C10: Problema Reportado | D10: Cuando se manda una anulación (MTI 0420 y una letra A en el campo 123) en la trama corporativa, la glosa que se manda en el campo 43 se guarda en la BBDD pero no se pinta en la respuesta del servicio QueryAccMove. Este solo muestra la glosa que se manda en la transacción directa MTI 0200. Quisiéramos que la respuesta del servicio pueda recuperar la glosa alojada en la BBDD producto de la transacción de anulación.
C11: Analisis | D11: Cuando se manda una anulación (MTI 0420 y una letra A en el campo 123) en la trama corporativa, la glosa que se manda en el campo 43 se guarda en la BBDD pero no se pinta en la respuesta del servicio QueryAccMove. Este solo muestra la glosa que se manda en la transacción directa MTI 0200. Quisiéramos que la respuesta del servicio pueda recuperar la glosa alojada en la BBDD producto de la transacción de anulación.
C12: Causa Raiz | D12: La causa principal del problema se identificó como la falta de funcionalidad de la aplicación para obtener detalles de transacciones que incluyeran la operación inversa. Esto significaba que el sistema no estaba diseñado para manejar y procesar este tipo de transacciones correctamente, lo que generó la necesidad de implementar una solución para subsanar esta deficiencia.
C13: Impacto | D13: A partir de ahora, todas las transacciones realizadas a través de FlexSwitch que incluyan reversiones deberán mostrar correctamente los detalles de su glosa.
B15: Objetos a Instalar | F15: Objetos a Desinstalar
B16: No. | C16: Nombre | D16: Tipo | F16: No. | G16: Nombre | H16: Tipo
B17: 1 | C17: gwpks_ca_queryaccmove.sql | D17: Package Body | F17: 1 | G17: gwpks_ca_queryaccmove.sql | H17: Package Body
B18: =B17+1 -> 2 | F18: =F17+1 -> 2
B19: =B18+1 -> 3 | F19: =F18+1 -> 3
B20: =B19+1 -> 4 | F20: =F19+1 -> 4
B21: =B20+1 -> 5 | F21: =F20+1 -> 5
B22: =B21+1 -> 6 | F22: =F21+1 -> 6
B23: =B22+1 -> 7 | F23: =F22+1 -> 7
B24: =B23+1 -> 8 | F24: =F23+1 -> 8
B25: =B24+1 -> 9 | F25: =F24+1 -> 9
B26: =B25+1 -> 10 | F26: =F25+1 -> 10
B27: =B26+1 -> 11 | F27: =F26+1 -> 11
B28: =B27+1 -> 12 | F28: =F27+1 -> 12
B29: =B28+1 -> 13 | F29: =F28+1 -> 13
... B31: =B30+1 -> 15 | F31: =F30+1 -> 15

Sheet 2_Precauciones
C5: SR | D5: =SR!D6 -> 4-0002502510
C6: SR Descripción | D6: =SR!D7 -> BFCL – Comportamiento de la glosa en transacciones de anulación (Chile)
C7: País | D7: =SR!D8 -> Chile
B9: Precauciones
B11: 1 | C11: Antes de instalar, realizar respaldo de unidades desde el ambiente respectivo
B12: 2 | C12: Realizar pruebas en ambiente UAT antes de instalar, con la finalidad de validar el funcionamiento previo antes de la instalación.
B13: 3 | C13: Realizar pruebas en ambiente UAT despues de instalar, para validar el funcionamiento posterior a instalación, estas pruebas deben ser exitosas.
B14: 4 | C14: Antes y después de ejecutar se deben validar los objetos Inválidos en la Base de Datos.
B15: 5 | C15: En toda creacion de tablas se debe conceder acceso a la tabla.
B16: 6 | C16: Se debe proveer al Equipo de N2 (nivel2_oraclesoporte@falabella.onmicrosoft.com) de los log de ejecución en producción para su validación.
B17: 7 | C17: En caso de cualquier error duante la ejecucion contactar de inmediato al Equipo de N2 (nivel2_oraclesoporte@falabella.onmicrosoft.com).
B18: 8 | C18: Antes de promover estos cambios a Producción, es obligatorio ejecutar el ciclo completo de operaciones en el entorno QA usando el switch, con el fin de validar de manera integral el correcto funcionamiento. Estas pruebas debe abarcar tanto este desarrollo nuevo como los escenarios ya existentes y actualmente operativos, garantizando que no se produzcan impactos negativos. La ejecución de las pruebas y su verificación exhaustiva resulta indispensable antes de cualquier promoción a Produccion.
B19: 9
B20: 10
B21: 11
B22: 12
B23: 13
B24: 14
B25: 15
B26: 16
B27: 17
B28: 18
B29: 19

Sheet 3_Instalacion
C5: SR | D5: =SR!D6 -> 4-0002502510
C6: SR Descripción | D6: =SR!D7 -> BFCL – Comportamiento de la glosa en transacciones de anulación (Chile)
C7: País | D7: =SR!D8 -> Chile
B9: Plan de Instalación
C11: Consideraciones Iniciales
C12: Dia de Instalación | D12: Cualquier Día | E12: <-- (Selecciona de la lista)
C13: Cuando aplicar | D13: En cualquier momento del dia | E13: <-- (Selecciona de la lista)
C15: Otras Consideraciones | D15: Realizar pruebas con distintas transacciones atraves del Flexswitch con la finalidad de comprobar que los cambios son satisfactorios.
B20: Orden de Instalación
B22: No. | C22: Nombre de Objeto | D22: Lugar de instalación | E22: Ubicación del Objeto | F22: Observaciones
B23: 1 | C23: gwpks_ca_queryaccmove.sql | D23: Base de datos | E23: BFCL_4-0002502510_20260409\Install\sql
B24: 2
B25: 3
B26: 4
B27: 5
B28: 6
B29: 7
B30: 8
B31: 9
B32: 10
B33: 11
B34: 12
B35: 13
... B38: 16

Sheet 4_Rollback
C5: SR | D5: =SR!D6 -> 4-0002502510
C6: SR Descripción | D6: =SR!D7 -> BFCL – Comportamiento de la glosa en transacciones de anulación (Chile)
C7: País | D7: =SR!D8 -> Chile
B9: Orden de Rollback
B11: No. | C11: Nombre de Objeto | D11: Lugar de instalación | E11: Ubicación del Objeto | F11: Observaciones
B12: 1 | C12: gwpks_ca_queryaccmove.sql | D12: Base de datos | E12: BFCL_4-0002502510_20260409\Rollback\sql
B13: 2
B14: 3
B15: 4
B16: 5
B17: 6
B18: 7
B19: 8
B20: 9
B21: 10
B22: 11
B23: 12
B24: 13
... B27: 16
